Video Title,Video Link,View Count,Description,Channel Title,Tag,Duration,Comment Count,Publish Date,Captions
"Christian Movie | ""Where Is My Home"" | Heartwarming and Touching Family Movie (Full Movie)",https://youtube.com/watch?v=moHa5xIOZ18,22718999,"Friends, do you want to get closer to God and know more about God? You are invited to join our group, and we will share Godâ€™s words with you, so you can draw near to God. Contact us via WhatsApp: https://shurl.me/ENSPWhatsApp

Christian Movie | ""Where Is My Home"" | Heartwarming and Touching Family Movie (Full Movie)

Wenya's parents separated when she was two, and after that she lived with her father and stepmother. Her stepmother couldn't stand her and was always arguing with her father. He had little choiceâ€”he had to send Wenya to her mother's house, but her mother was fully focused on running her business and didn't have any time to take care of Wenya, so she was often shuttled off to her relatives' and friends' homes to be fostered. After so many years of a life of foster care, young Wenya felt lonely and helpless, and longed for the warmth of a home. Only when her father and stepmother divorced did she return to her father's side, and from then on had a home, for better or for worse.
Once Wenya grew up, she was very cautious and obedient, and she studied hard. But just as she was working hard to prepare for her college entrance examinations, misfortune came upon her: Her mother had a brain hemorrhage and became paralyzed and bedridden. Her stepfather abandoned her mother and even took control over all of her assets, and then her father was hospitalized with liver cancerâ€¦. Wenya could not possibly take on the burden of the household, so all she could do was plead with relatives and friends, but she was turned down â€¦
Just as Wenya was suffering and without recourse, two friends of her mother preached God's gospel to them. They came to understand the root of pain in people's lives from the words of God, and understood that only if people come in front of God can they gain God's protection and live in happiness. Only through the comfort of God's words were mother and daughter able to come out from their pain and helplessness. Wenya genuinely experienced the love and mercy of God; she finally felt the warmth of a home, and came into a true home â€¦

AWARDS & NOMINATIONS
Spirit Award, Churches Making Movies Christian Film Festival, United States, 2018
International Humanitarian Platinum Award, World Humanitarian Awards, Indonesia, 2018
Best Indie Feature Film, Five Continents International Film Festival, Venezuela, 2018
Nominee for Best Screenplay,  International Christian Film Festival, United States, 2018
Nominee for Evangelism Award, Nominee for Best Foreign Feature, Great Lakes Christian Film Festival, United States, 2018 

OFFICIAL SELECTION
JESUS CINE FEST - International Christian Film Festival, Argentina, August 14, 2018

Please note: All videos on this channel are available to view free of charge. Uploading, modifying, distorting, or excerpting any videos from The Church of Almighty God's YouTube channel by any individual or group without prior authorization is expressly prohibited. The Church of Almighty God reserves the right to pursue any and all legal remedies in the case of any violation of these terms. Please contact us in advance with requests for public dissemination.

#fullmovie #familymovie #christianmovies",The Church of Almighty God,"['Full Movie', 'full family movie', 'family movie', 'Full Drama Movie', 'best family movies', 'christian movies', 'christian movie', 'family movies', 'christian family movies', 'christian family movie', 'family christian movies', 'english family movies', 'tear jerker movie', 'best tear jerker movies', 'gospel movies', 'christian movies full length', 'christian movies based on true story', 'God movies', 'church movies', 'true story movies', 'true Story', 'Returning to God', 'Return to God', 'Where Is My Home']",PT1H40M13S,8690,2018-02-21T03:13:32Z,pl - ; en - ; en - 
[2024 Full Movie]Special Forces Swear to Guard Village Against Terrorist Attack#hollywoodmovies,https://youtube.com/watch?v=mRkA6Udz0rw,17071565,"Subscribe for more Videos:https://www.youtube.com/channel/UCP357_TvKgPKxMMtSn17xYQ
#movie #hollywoodmovies #action #specialforces 
HH",ç‹™å‡»å½±é™¢,"['action', 'crime', 'hollywood', 'movie', 'new action movie 2024', 'hollywood movies in full action hd', 'hollywood movie 2024', 'chinese movie in english dubbed', 'new chinese english dubbed movies 2024', 'chinese movie english main', 'movies 2024 full movies', 'chinese movie dubbed in english', 'chinese action movie', 'jackie chan', 'hollywood english movie', 'chinese action movies', 'lee evans', 'the medallion', 'the medallion full movie in english', 'jackie chan english movie', 'the magic man']",PT1H22M3S,1686,2024-10-11T13:01:02Z,ms - ; id - ; km - ; ko - ; ar - ; fr - ; th - ; en - ; pt-BR - ; es - ; ja - ; pt - ; vi - ; de - 
Why You CAN'T Understand TV and Movies in English WITHOUT Subtitles,https://youtube.com/watch?v=2cOwxYg3OB0,22629,"#englishpodcast #learnenglish #englishwiththiago #listening 
ğŸ¯Get my pronunciation course:
https://www.englishwiththiago.com/course-pre-sale

ğŸ”’Join my private community:
https://www.englishwiththiago.com/community

ğŸ“–50 Phrasal Verbs & Idioms (FREE eBook):
https://www.englishwiththiago.com/spice-up-ebook

ğŸ’–Become a channel member:
https://www.youtube.com/channel/UChN7HW1AJ4GWtPiBMLD8Tsg/join

â­Want to be featured in The Learner's Corner?

ğŸ™ï¸Send me a voice message:
https://www.speakpipe.com/englishwiththiago

âœï¸Write me an email at:
hello.teacherthiago@gmail.com

ğŸ“±Follow me on Instagram:
https://www.instagram.com/teacher.thiagoalencar/

ğŸ“±Get 50% off of ELSA premium membership for one year: https://www.elsaspeak.com/inf/englishwiththiagopremium

ğŸ“±Download ELSA and get 7 days membership for free: https://bit.ly/ENGLISHWITHTHIAGOXELSA

Summary

In this episode, Thiago Alencar discusses the common struggle many English learners face when trying to understand movies and TV shows. He identifies the disconnect between classroom English and the fast-paced, slang-filled dialogue found in media. Thiago explains the culprits behind this misunderstanding, including pronunciation, connected speech, and vocabulary. He offers practical strategies for improving comprehension, such as shadowing and focusing on context.

Takeaways

Movies and TV shows often use fast-paced, slang-filled dialogue.
Connected speech involves cutting and blending sounds in sentences.
Understanding idioms and phrasal verbs is crucial for comprehension.
The sound mix in productions can affect dialogue clarity.
It's normal to not understand every word in media.
Shadowing can help improve listening and speaking skills.
Minimal pairs highlight subtle pronunciation differences.
Practicing vocabulary in context aids retention.
Improving pronunciation can enhance overall comprehension.
Patience is key in developing listening skills.

Chapters

00:00 Understanding the Disconnect in English Media
04:58 Identifying the Culprits of Misunderstanding
16:48 Practical Tips for Better Listening Skills
23:18 Engaging with the Learner's Corner

******* Books I Recommend *******

Basic Grammar:
https://amzn.to/3VXyg2u

Intermediate Grammar:
https://amzn.to/4aJvySD

Advanced Grammar:
https://amzn.to/4askkC9

B2 Prep Coursebook:
https://amzn.to/49t4ndx

C1 Prep Coursebook:
https://amzn.to/3U9AH0K

C2 Prep Coursebook:
https://amzn.to/4askqtv

English Pronunciation for Brazilians:
https://amzn.to/4cNAFTC

Phrasal Verbs Dictionary:
https://amzn.to/3U7n42e

Idioms Dictionary:
https://amzn.to/4aLmqwD

IELTS Prep:
https://amzn.to/3xDvZPS

TOEFL Prep:
https://amzn.to/3JbTvWY",English with Thiago,"['english', 'english learning', 'speak english', 'how to speak english', 'english fluency', 'how to learn english', 'advanced english', 'intermediate english', 'grammar', 'vocabulary', 'pronunciation', 'connected speech', 'esl', 'listening', 'writing', 'reading', 'english podcast', 'english with thiago', 'thiago english', 'teacher thiago', 'teacher tiago', 'tiago english', 'understand english movies without subtitles', 'learn english tv series', 'understand english tv series']",PT29M21S,52,2024-09-25T14:43:29Z,en - ; en - 
Learn English with Movies | Will Smith - The Pursuit of Happyness,https://youtube.com/watch?v=pKoH9GkEKxQ,6442307,"Are you ready to have fun and learn English with Movies? ""The Pursuit of Happiness"" with Will Smith is super inspiring and full of great English expressions for a job interview!

Understand Fast-Speaking Natives! âœ…
ğ—šğ—²ğ˜ ğ—¼ğ˜‚ğ—¿ ğ—™ğ—¥ğ—˜ğ—˜ ğ— ğ—”ğ—¦ğ—§ğ—˜ğ—¥ğ—–ğ—Ÿğ—”ğ—¦ğ—¦ ğŸ‘‡ ğ—›ğ—²ğ—¿ğ—²
https://reallifeglobal.com/lewtv-will-smith-lp/


More Lessons with Movies!: https://www.youtube.com/watch?v=HmRGyc9Ohfg&index=1&list=PLlpAWCqcstzpmyRgyqRYd1oJwMkoM93ih

Subscribe to our channel to get new lessons every week: https://goo.gl/HUZkdH 

Watch more lessons and Learn RealLife English with TV Lessons: https://goo.gl/kGeihU

Get 10 Free PDF Power Lessons for our videos: https://reallifeglobal.com/lewtv-compilation/

Speak English NOW! Download our FREE App - https://reallifeglobal.com/lewtv-app/

Like us on Facebook: https://www.facebook.com/getreallifeenglish

Help us translate our videos, so more learners from your country can enjoy them, too! http://www.youtube.com/timedtext_cs_panel?tab=2&c=UCKgpamMlm872zkGDcBJHYDg

#LearnEnglishWithMovies #WillSmith #PursuitOfHappiness",Learn English With TV Series,"['learn english with movies', 'learn english with movies pursuit of happiness', 'learn english with tv series', 'learn english with will smith', 'learn english', 'learn english conversation', 'learn english through movies', 'movie with english subtitles to learn english', 'english expressions', 'english for job interview', 'english job interview conversation', 'english job interview with english subtitles', 'american english', 'how to prepare resume for job in english', 'movie with english subtitles']",PT20M18S,2699,2019-03-22T14:00:17Z,en - ; fr - ; tr - ; es-419 - ; en - ; ar - 
"2024 Action Movie: The gang hired the strongest killer, but was beaten up by the police",https://youtube.com/watch?v=bqym0hsJQbM,27012643,"ğŸ”¥2024 Action Movie: A former special force decided to join the SWAT #movie #actionmovies 

ğŸ”¥Subscribe our channel to watch more action movies: https://www.youtube.com/channel/UC2Hvwo0pDu5VV0eAzIc6T9A

#action #actionmovies #hollywoodaction 

WX",å·¾å¸¼è‹±é›„,"['ç‰¹æˆ˜è¡ŒåŠ¨', 'æ­¦ä¾ ç‰‡', 'æ­¦ä¾ å‰§', 'é‡‘åº¸æ­¦ä¾ ', 'æ­¦ä¾  ç”µå½±', 'æ­¦ä¾ ', 'ä¸­å›½ç”µè§†å‰§', 'å‡ºè‰²ä¸­å›½ç”µè§†å‰§', 'å¥½çœ‹ä¸­å›½ç”µè§†å‰§', 'ç„å¹»', 'å¤è£…', 'Chinese Drama', 'åŠ¨ä½œ', 'ä¸­å›½åŠŸå¤«', 'åŠŸå¤«', 'fight scene', 'ä¸­å›½ å†å²', 'æ­·å²', 'best fight scene', 'martial arts movie', 'troops', 'Second Sino-Japanese War', 'new action movies', 'war fight scene', 'battle scenes', 'battle scene', 'movie action', 'å­—å¹•', 'é€†è¥²', 'åˆºæ¿€', 'æ‰“æˆ²', 'KungFu', 'æ­¦ä¿ ', 'é«˜é›£åº¦å‹•ä½œ', 'ç‰¹æ•ˆ', 'kung fu movie', 'martial arts fight', 'åŠŸå¤«å°å­', 'æ‰“æ–—', 'æ‚¬ç–‘', 'æŠ—æ—¥æˆ˜äº‰', 'ç‰¹ç¨®å…µ', 'ç‹™å‡»æ‰‹', 'æˆ°çˆ­', 'è»æ—…', 'ç‰¹ç¨®éƒ¨éšŠ', 'æ¥Šçˆ', 'æŠ—æ—¥æˆ˜äº‰å‰§2022', 'LRCJ', 'æŠ—æ—¥ç¥å‰§', 'Chinese television dramas', 'å…«è·¯å†›', 'åŠŸå¤«å¤§å¸ˆ', 'eight route army', 'Chinese drama', 'martial arts', 'action movies']",PT1H18M11S,1810,2024-10-22T11:00:06Z,id - ; es - ; pt - ; ar - ; ko - ; th - ; vi - ; ja - 
Action Movie 2024 - APOCALYPTO (2006) Full Movie 4K - Best Action Movies Full Length English,https://youtube.com/watch?v=CetjkiaH2x0,1127698,"BLOCKBUSTER Movie 2024 | Mayan Action Movie | Top Action Movies Hollywood 2024 in English
BLOCKBUSTER Movie 2024 | Apocalypto Action Movie | Top Action Movies Hollywood 2024 in English
BLOCKBUSTER Movie 2024 | Apocalypto Action Movie | Top Action Movies Hollywood 2024 in English

action movies, best action movies, best movies, action movie, movies, action, free movies,
movie, non-stop, trailer, thriller, sci-fi, drama, free movies, movies, full movie, drama, free movie, movie, full movies, action movie, best movies, hollywood movies, thriller movie, action, free full movies,thriller, action movie, hollywood movie in english, action movie, hollywood english movie, hollywood movie english, new hollywood movie, hollywood movie, apocalypto, movie 2024, full movie english,free movies,full movies free, apocalypto, mel gibson, apocalypto movie, apocalypto full movie, apocalypto 2,",Jetton,[],PT2H18M22S,410,2024-10-17T10:38:13Z,fr - ; ro - ; fi - ; hr - ; hu - ; el - ; de - ; en - ; id - ; da - ; nl - ; pt-BR - ; bg - 
Timepiece (2024) | Short Film,https://youtube.com/watch?v=X4EcUcoo0r4,598127,"After missing her bus, Sam has an interaction with a strange old man that ends up meaning a lot more to her.",Breathing Films,[],PT8M41S,790,2024-09-06T10:32:36Z,en-GB - 
"[2024 Full Movie] Terrorists Attack Bus, Unaware It's Occupied by Special Forces#hollywoodmovies",https://youtube.com/watch?v=PPNkny85NWM,3243006,"ğŸ”¥Subscribe for more Videos: https://www.youtube.com/channel/UCVocdz2BTFRlih2qZtJ9DcA
Genres: #movie  #hollywoodmovies #action  #specialforces",ç‰¹è­¦å½±é™¢,"['action', 'crime', 'hollywood', 'movie', 'new action movie 2024', 'hollywood movies in full action hd', 'hollywood movie 2024', 'chinese movie in english dubbed', 'new chinese english dubbed movies 2024', 'chinese movie english main', 'movies 2024 full movies', 'chinese movie dubbed in english', 'chinese action movie', 'jackie chan', 'hollywood english movie', 'chinese action movies', 'lee evans', 'the medallion', 'the medallion full movie in english', 'jackie chan english movie', 'the magic man', 'action movie', 'martial']",PT1H22M3S,159,2024-10-08T13:55:11Z,id - ; ko - ; th - ; ar - ; de - ; ms - ; fr - ; ja - ; en - ; pt - ; vi - ; es - 
Learn English with Kabhi Khushi Kabhie Gham Movie Subtitle Part-1 | English Speaking Practice,https://youtube.com/watch?v=2KaKDzQvGA8,394,"Course Enquiry: https://forms.gle/9oCgiEvqWdxNk2FP9

ğŸ¬ Learn English with ""Kabhi Khushi Kabhie Gham"" Subtitles | Bollywood English Practice ğŸŒŸ

Improve your English fluency and listening skills with this engaging lesson using subtitles from the iconic Bollywood movie ""Kabhi Khushi Kabhie Gham."" Dive into meaningful dialogues, expand your vocabulary, and practice conversational English while enjoying this beloved classic.

ğŸ“Œ What Youâ€™ll Learn in This Video:
âœ… Common English phrases and expressions
âœ… Vocabulary for emotions and family conversations
âœ… Pronunciation tips and real-life language usage

ğŸ’¡ Why Learn with Movies?
Learning English with movies makes it fun and practical, helping you connect with real-life contexts and cultural nuances.

ğŸ“¢ Perfect for:

English learners who love Bollywood
Fans of ""Kabhi Khushi Kabhie Gham""
Anyone looking for an interactive way to practice English
ğŸ‘‰ Watch, learn, and enjoy! Donâ€™t forget to Like, Comment, and Subscribe for more Bollywood-based English lessons. ğŸš€

#LearnEnglish #KabhiKhushiKabhieGham #EnglishSpeakingPractice #BollywoodLearning #TpointEnglish

#LearnEnglish #KuchKuchHotaHai #EnglishSpeakingPractice #BollywoodLearning #TpointEnglish

================================
Tpoint English /@tpointenglish/
=============================
Watch Our Popular Videos: 
ğŸ‘‰ https://www.youtube.com/watch?v=MYIpkb6VV8Q&t=651s
ğŸ‘‰ https://www.youtube.com/watch?v=iuCV8Pkmt-0
ğŸ‘‰ https://www.youtube.com/watch?v=UYQg4FD3w8Y
ğŸ‘‰ https://www.youtube.com/watch?v=qTXN_Nsq36E

====================================================================
Donâ€™t forget to LIKE, SHARE, and SUBSCRIBE for more English lessons with your favorite stars!
====================================================================
Facebook: www.facebook.com/tpointenglish/
Instagram: www.instagram.com/tpointenglish
YouTube: https://www.youtube.com/@tpointenglish

kabhi khushi kabhie gham, kabhi khushi kabhie gham full movie, kabhi khushi kabhie gham songs, kabhi khushi kabhie gham full movie english subtitles, kabhi khushi kabhi gham movie to learn english, learn english with movies subtitles, kabhi khushi kabhie gham movie, movie with english subtitles to learn english, kabhi khushi kabhie gham movie 2001, kabhi khushi kabhie gham title song, learn english with subtitles, best movies to learn english, learn english with movies",Tpoint English,"['kabhi khushi kabhie gham', 'kabhi khushi kabhie gham full movie', 'kabhi khushi kabhie gham songs', 'kabhi khushi kabhie gham full movie english subtitles', 'kabhi khushi kabhi gham movie to learn english', 'learn english with movies subtitles', 'kabhi khushi kabhie gham movie', 'movie with english subtitles to learn english', 'kabhi khushi kabhie gham movie 2001', 'kabhi khushi kabhie gham title song', 'learn english with subtitles', 'best movies to learn english', 'learn english with movies']",PT23M47S,4,2024-12-20T14:45:00Z,hi - ; hi - 
Trinity Is Back Again - Nobody's the Greatest | Western Masterpiece | Full English Movie | Dubbed,https://youtube.com/watch?v=wroRoCrSJQo,64359,"Trinity Is Back Again - Nobody's the Greatest | Western Masterpiece | Full English Movie | Dubbed | Sergio Leone


All the best of western cinema here on Django360! The best Wild West masterpieces in high definition and in English.
Enjoy riding adventures and duels between the most magnificent protagonists of western cinema, such as Django, Gringo, Sartana, Trinity and others!

Italian westerns, spaghetti westerns, western movies, Italian western cinema, great classic westerns, Italian cowboys, cinematic gunslingers, epic duels, Wild West, tales of the Wild West, Italian western films, vintage westerns, Italian western classics, western allâ€™italiana, 1960s cinema, 1970s westerns, stories of revenge, frontier films, cult westerns, dusty westerns, great western masterpieces, Sergio Leone films, westerns with Clint Eastwood, The Good the Bad and the Ugly, A Fistful of Dollars, For a Few Dollars More, Once Upon a Time in the West, epic westerns, stories of the Italian West, dramatic westerns, adventure westerns, legendary cowboys, auteur western cinema, bloodthirsty duels, train heists, bandits and sheriffs, desert battles, crime westerns, famous spaghetti westerns, revenge and justice, epic western films, westerns with plot twists, iconic western characters, lions of the desert, Wild West challenges, Italian frontier stories, cowboy feuds, psychological westerns, gunslinger stories, legendary duels, western landscapes, Italian deserts, sheriffs and outlaws, music by Ennio Morricone, epic soundtracks, timeless stories, western atmospheres, rediscovered films, great western directors, frontier tales, Italian bandits, western mythology, historical westerns, realistic westerns, cult western films, 1960s Italian western cinema, Italian frontier films, 


cindependent Italian westerns, cowboys and Indians, rural westerns, epic challenges, cinematic deserts, 1960s Italian western films, western cinema cults, great Wild West battles, 1970s western cinema, action westerns, adventurous western movies, collectible spaghetti westerns, gunslingers and justice, feuds and duels, sheriffs versus bandits, unexplored frontiers, westerns set in Italy, cowboys versus outlaws, border stories, Italian western cinema, films by Sergio Corbucci, Django, great western adventures, westerns shot in Spain, Wild West myths, European westerns, Italian desert films, 1970s Italian cinema, Wild West heroes, unforgettable spaghetti westerns, great western sagas, Wild West battles, untamed deserts, westerns with epic heroes, frontier adventures, spaghetti westerns with Italian stars, auteur Italian westerns, cinematic Wild West myths, Italian Wild West legends, famous westerns in Italy, rediscovered western cinema, rare western films, dusty westerns, heroic deeds in the West, masterpieces of the western genre, westerns with Italian actors, Wild West scenarios, films by Sergio Sollima, westerns with Tomas Milian, cinematic Wild West heroes, frontier adventures, 1960s spaghetti westerns, desert duels, battles between cowboys and bandits, iconic Italian westerns, western soundtracks, the charm of the West, Italian cinema cowboys, Wild West struggles, cult Italian westerns, allâ€™italiana gunslingers, Far West classics, great Italian western films, cinematic West myths, western movies shot in Spain, Italian frontier stories, epic Wild West challenges, heroes and outlaws, timeless adventures, Italian western stories, restored spaghetti westerns, independent westerns, Wild West cults, Italian western atmospheres, Wild West gunslingers, justice in the Far West, famous spaghetti westerns in Italy, family feuds, legendary sheriff vs bandit battles, unforgettable western characters, western movies with Clint Eastwood, the best Italian westerns, cowboy and ranch stories, borderlands, Sergio Leone westerns, battles for justice, the best spaghetti westerns, cowboys and settlers, the American frontier told by Italians, westerns with dramatic endings, western films with epic showdowns, survival stories in the West, western films with legendary protagonists, westerns shot in Almeria, epic desert revenge stories, western cinema allâ€™italiana, great restored classic westerns, westerns with memorable dialogues, stories of betrayal and feuds, westerns with iconic protagonists, westerns with strong female leads, stories of rivalry in the West, reality-inspired westerns, spaghetti westerns with modern themes, timeless western adventures, tales of bandits and justice, Italian western films with international stars, epic scenarios of Italian western cinema, Italian westerns shot in the â€™60s and â€™70s, music and soundtracks by Morricone, stories of love and revenge in the West, great western titles to watch, Italian films inspired by the Far West, western heroes and antiheroes, plot Italian western

#sergioleone #terencehill #clinteastwood #henryfonda #western #west",Django360,"['full movie', 'full western movies', 'western', 'western film', 'DJANGO360', 'django western', 'Italian western', 'spaghetti western', 'Sergio Leone', 'Clint Eastwood', 'Ennio Morricone', 'Dollars Trilogy', 'The Good the Bad and the Ugly', 'Once Upon a Time in the West', 'Django', 'Sartana', 'Trinity', 'Italian westerns', 'western movies', 'western cinema', 'European westerns', 'western Europe', 'western movie', 'Italian cinema', 'Italian actors', 'western soundtrack', 'western music', 'western genre', 'western movie collection']",PT2H3M26S,10,2024-12-21T13:15:05Z,en - ; en - 
AVATAR Full Movie 2024: Pandora World | Superhero FXL Action Movies 2024 in English (Game Movie),https://youtube.com/watch?v=RNj2cH5yjNA,16567051,"AVATAR Full Movie 2024: Pandora World | Superhero FXL Action Movies 2024 in English (Game Movie). Best Action Game Movies of 2024. Avatar, the epic science fiction story by James Cameron. New Avatar Theory: Pandora World. List of characters: Na'vi, Dr. Grace Augustine, Colonel Miles Quaritch, Trudy ChacÃ³n, and Parker Selfridge. Superhero Action Sci Fi Fantasy Movies 2024. Superhero Action Sci Fi Fantasy Games 2024 with All Cutscenes. #avatar #navi #action",Superhero FXL Games,"['avatar full movie', 'avatar', 'full', 'movie', '2024', 'movies', 'avatar 2024', 'movies 2024 full movies', 'full movies', 'avatar pandora', 'full movie', 'avatar full movie 2024', 'avatar the last', 'navi', 'game', 'game movie', 'james cameron', 'full movies 2024', 'full movie 2024', 'superhero fxl', 'movies 2024 full movie', 'movies 2023 full movie', 'action movies 2024 full movie english', 'action movies 2023 full movie english', 'action movies', 'english movie', 'movies 2023 full movies english', 'fantasy', 'action', 'science fiction']",PT2H18S,1825,2024-03-20T13:00:23Z,en-US - ; hi - ; fr - ; en - ; es - ; th - ; pt - ; de - ; id - ; en - 
I Believe  | Full Movie | Rowan Smyth | Matt Lindquist | Wilford Brimley,https://youtube.com/watch?v=1USWVZjTRw8,9377671,"A 9-year-old boy experiences God's power in a supernatural way.

Directors: Juergen Peretzki, Stacey Peretzki
Writers: Juergen Peretzki, David Outten
Cast: Rowan Smyth, Matt Lindquist, Wilford Brimley

Other movies recommended on our Christian Movies YouTube channel:
Power of the Air - https://youtu.be/sjEWbpGvswo
A Dave Christiano Film",Christian Movies,"['Chrisitan Movies', 'Full Movies', 'Full Film', 'Religious Movies', 'Feature Film', 'Rowan Smith', 'Matt Linquist', 'Wilferd Brimley', 'Matt Linduist', 'Wilfrod Brimley', 'I Believe movie', 'I Believe full movie', 'I Believe 2017 movie', 'I Believe 2017 full movie', 'family movie', 'christian family movie']",PT1H29M59S,8794,2022-12-15T15:30:00Z,en - ; en - 
Learn English With Movies | Shrek,https://youtube.com/watch?v=B6O50rwHkX0,2221417,"Are you ready to have fun and laugh as you learn English with movies? In this video, you will improve your skills with Shrek, a satirical comedy. It is full of useful fairytale vocabulary, which will help you understand all sorts of movies and books. Plus, you will improve your native pronunciation. 

Understand Fast-Speaking Natives! âœ…
ğ—šğ—²ğ˜ ğ—¼ğ˜‚ğ—¿ ğ—™ğ—¥ğ—˜ğ—˜ ğ— ğ—”ğ—¦ğ—§ğ—˜ğ—¥ğ—–ğ—Ÿğ—”ğ—¦ğ—¦ ğŸ‘‡ ğ—›ğ—²ğ—¿ğ—²
https://reallifeglobal.com/lewtv-shrek-lp/


Subscribe to our channel to get new lessons every week: https://goo.gl/HUZkdH 

Watch more lessons and Learn RealLife English with TV Lessons: https://goo.gl/kGeihU

Get 10 Free PDF Power Lessons for our videos: https://reallifeglobal.com/lewtv-compilation/

Check out our website and blog: https://reallifeglobal.com/

Like us on Facebook: https://www.facebook.com/getreallifeenglish

ğŸ‘‡ğŸ‘‡ğŸ‘‡

Help us translate our videos, so more learners from your country can enjoy them, too! http://www.youtube.com/timedtext_cs_panel?tab=2&c=UCKgpamMlm872zkGDcBJHYDg

#Shrek #LearnEnglishWithMovies #EnglishPronunciation",Learn English With TV Series,"['learn english with movies', 'learn english with movies shrek', 'learn english with movies subtitles', 'learn english with cartoon movies', 'learn english with disney movies', 'learn english with shrek', 'learn english conversation', 'learn english through story', 'learn english vocabulary', 'english fast speech', 'fairytale english', 'how to improve native english listening', 'mike myers movies', 'native pronunciation english', 'understand native english speakers', 'cameron diaz', 'scottish accent']",PT25M6S,936,2019-12-27T15:00:12Z,en - ; ta - ; en - 
Learn English Conversation - Oxford English Daily Conversation Part 1,https://youtube.com/watch?v=DPmtnb8NBog,23930892,"â˜ Please share and like if you enjoyed the video :) thanks so much â™¥
â˜ Subscribe for more: https://goo.gl/3qNzzg

Learn to speak english, improve your English Vocabulary, Listening, Speaking, More and More...

â€”â€”â€”â€”â€”â€”â€”â€”â€”â€”â€”â€”â€”â€”â€”â€”â€”â€”â€”â€”â€”â€”â€”â€”â€”â€”

Good morning. It`s seven thirty.
I`m Gary Fenton. Here is the news.
The Prime Minister is in the United States today...
...for talks with the American president at the White House.

The talks are very important for British and American...

â€”â€”â€”â€”â€”â€”â€”â€”â€”â€”â€”â€”â€”â€”â€”â€”â€”â€”â€”â€”â€”â€”â€”â€”â€”â€”

â–¼ DISCLAIMER
â¤ If you wanna use my uploads in your videos/streams, please give a link back to my original video, that's all.

â¤ If you have problems about copyright or label and (owners) want to remove this video, please CONTACT US DIRECTLY before doing anything. We will respectfully remove it. 
Email : services@english7levels.com",Learn English with English7Levels,"['learn english', 'learn english with subtitles', 'learn english vocabulary', 'english listening', 'Lifetime', 'advanced english', 'Oxford english learning', 'intermediate english', 'english for beginner', 'english conversation', 'real english conversation', 'natural english conversation', 'english is fun', 'the best way to learn english', 'study english', 'english video']",PT1H37M14S,11681,2017-11-26T14:48:06Z,vi - ; en - ; en - ; th - 
"Six Mummified Women, One Deadly Mystery | New Mystery Thriller Movie | Detective Movie | Hide",https://youtube.com/watch?v=FR43U1HZbsk,180063,"Based on the novel by Lisa Gardner the film follows a Boston detective tasked with uncovering the truth behind the discovery of six mummified bodies.Can the detective solve the case before the culprit strikes again?

2011.  Stars: Carla Gugino, Mark-Paul Gosselaar, Kevin Alejandro
*Licensed from Lionsgate. All rights reserved*

*Welcome to Movie Central, SUBSCRIBE NOW!* - https://bit.ly/3mRDJox
*MORE FREE MOVIES  on YouTube!* - 
ğŸŒŸ Free Action Movies: https://bit.ly/3uMwRxq
ğŸŒŸ Free Sci-Fi Movies: https://bit.ly/3o3lLAm
ğŸŒŸ Free Horror Movies: https://bit.ly/3aBBt2J
ğŸŒŸ Free Asylum Movies: https://bit.ly/3cipzeI
ğŸŒŸ Free Crime/Thriller: https://bit.ly/3o01prJ
ğŸŒŸ Free Drama Movies: https://bit.ly/3Pu4mN9
ğŸŒŸ Free Comedy Movies: https://bit.ly/3IE0wPd
ğŸŒŸ Free Western Movies: https://bit.ly/3RqTX6u
ğŸŒŸ Free Adventure Movies: https://bit.ly/3yHolAT
ğŸŒŸ MOVIE CENTRAL Channel: https://bit.ly/3o27Fze

** All of the content on this channel is under legal license from various copyright holders and distributors. We ask you to please contact us if you believe there are any copyright issues via - you_tube@valleyarm.com  **

#mysterythrillermovies #FullFreeMovies #MovieCentral #FreeYouTubeMovies",Movie Central,"['Action Full Movie', 'Free Movies', 'Free movies on Youtube', 'Full Movie', 'Hollywood movies', 'Horror Full Movie', 'Movie Central', 'Movie Central Free Movie', 'Movie Central Full Movie', 'Movies', 'comedy', 'films', 'free full movies', 'full', 'hollywood', 'horror', 'latest free movies', 'movie', 'movies', 'sci-fi', 'watch free movies on youtube', 'lisa gardner movies', 'mystery movie', 'thriller movie', 'hide lisa gardner movie', 'crime detective', 'crime detective movies', 'murder mystery movies', 'murder mystery movies full length']",PT1H28M16S,100,2024-12-21T11:00:16Z,en - ; de - 
HARRY POTTER Full Movie 2024: Ambience | Superhero FXL Action Movies 2024 in English (Game Movie),https://youtube.com/watch?v=qmIWrVY8etk,5617892,"HARRY POTTER Full Movie 2024: Ambience | Superhero FXL Action Fantasy Movies 2024 in English (Game Movie). Best Action Game Movies of 2024. Harry Potter, the epic fantasy story by J. K. Rowling. New Harry Potter Theory: Harry Potter and the cursed child. List of characters: Harry Potter, Professor Eleazar Fig, The Child, Time Wizard, The Cursed, Phineas Nigellus Black, Dark Wizards. Superhero Action Fantasy Movies 2024. Superhero Action Fantasy Games 2024 with All Cutscenes. #harrypotter #wizard #action",Superhero FXL Games,"['harry potter full movie', 'harry potter', 'full', 'movie', '2024', 'movies', 'harry potter 2024', 'movies 2024 full movies', 'full movies', 'full movie', 'harry potter and the cursed child', 'harry potter full movie 2024', 'game', 'all cutscenes', 'game movie', 'j k rowling', 'magic', 'full movies 2024', 'full movie 2024', 'superhero fxl', 'movies 2024 full movie', 'the cursed child', 'movies 2023 full movie', 'action movies', 'english movie', 'fantasy movies full movie english', 'wizard', 'harry potter wizard', 'harry potter movie']",PT2H1M50S,683,2024-06-16T13:00:50Z,pl - ; ja - ; es - ; fr - ; ko - ; en - ; ro - ; en-US - ; en - ; th - ; hi - ; pt - ; de - ; id - 
Why you CANâ€™T understand TV and movies without subtitles (and how to fix that),https://youtube.com/watch?v=SzzKeIHatEw,1435377,"ğŸ“º Watch TV shows, movies, and series on Lingopie and study languages: https://learn.lingopie.com/veronika

0:00 Native speakers talk too fast
4:00 ""Friends"" is a difficult TV show to understand 
4:45 Native speakers use slang and informal expressions 
7:27 Watch movies and TV shows with Lingopie
9:18 The problem with accents and dialects 
11:55 You don't know a lot of cultural references 

----

New here?

Hey there ğŸ‘‹ğŸ¼ Welcome to my channel! ğŸ¥ I'm a native Russian speaker trying to navigate life between the three languages I'm learning: English, Spanish, and Chinese. And I'm excited to share all my secrets with you! Let's explore the enchanting world of language learning through my heartwarming stories, helpful tips, and engaging challenges. Welcome to my Language Diaries, where learning foreign languages becomes an unforgettable experience ğŸ¥°

ğŸ”— LINKS
Enroll in my Speaking Club: https://veronikamark.com/speakful
Learn new vocabulary with Anki: https://ankipro.onelink.me/fsTD/xbiyh3or
Follow me on Instagram: https://www.instagram.com/veronikamark_english/
Follow me on TikTok: https://www.tiktok.com/@veronikamark_english

ğŸ“§ GET IN TOUCH
Email: contact@veronikamark.com

â—ï¸ DISCLAIMER
This video is sponsored by Lingopie. Some links here might be affiliate links.",Veronika's Language Diaries,"['veronika mark', 'lingopie', 'how to watch movies in english', 'is using subtitles good', 'can i use subtitles while watching TV', 'how to watch tv in english', 'how to watch tv in spanish', 'how to watch movies in foreign languages', ""why i can't understand movies in english"", ""why i can't understand tv without subtitles"", 'how to understand movies without subtitles', 'use subtitles to study languages']",PT15M5S,2013,2023-09-03T11:30:09Z,en - ; en - 
My Bestie Smitty | FAMILY DRAMA | Full Movie,https://youtube.com/watch?v=waUShk892io,2098792,"While spending the summer at his grandfather's farm, Ben learns about the importance of friendship, family and responsibility with the help of a lovable rescue dog.

ğŸŒ€ This week's new full movie HERE  â¤ https://www.youtube.com/playlist?list=PLlVqNWUR0r4Xgab4MYmZjvbrKX6AfPKs-

Genre : Full Movie in English, Family Film
Â©  All Rights Reserved
#FamilyMovie #FullMovie",Boxoffice | FAMILY | Full Movies,"['full movie in english', 'full movie', 'full movies', 'new movies', 'english']",PT1H33M47S,393,2024-07-20T12:00:53Z,ml - ; si - ; fr - ; pt - ; hr - ; ro - ; hi - ; ru - ; ko - ; ms - ; pl - ; it - ; bg - ; el - ; bn - ; su - ; en - ; th - ; es - ; en - ; tr - ; de - ; ja - ; no - ; id - ; ar - ; da - ; sv - ; jv - ; hu - ; nl - ; fil - ; vi - 
Friendship (2024) | New English Dubbed Full Movie | Latest Action Thriller | Arjun | Harbhajan Singh,https://youtube.com/watch?v=IUcGvoAWp_c,838911,"Friendship (2024) | New English Dubbed Full Movie | Latest Action Thriller | Arjun | Harbhajan Singh | With English Subtitle 

Subscribe New Generation : https://www.youtube.com/c/NewGenerationMovies

Anon Trendz Presents new english dubbed full movie ""Friendship"". When their classmate is sexually assaulted, a group of college students rallies to raise awareness and fights to bring the perpetrators to justice.

Written & Directed By : Johnpaul Raj & Sham Surya
Produced By : JPR & Stalin M S
Art Director : P A Mahendran
Music : D M Udhayakumar
Editor : Deepak s Dwaraknath
Stills : Siva
Designs : Red Dot Pavan
Stunt : Kali Arjun, Vimal Rambo
Cast : Arjun, Harbhajan Singh, Losliya, Sathish, Vettukili Bala, M S Basker, Pala Karuppaiah, 



 @NewGenerationMovies
#anontrendz 
#freindship 
#action
#english
#dubbed
#thriller
#arjun
#harbhajansingh 
#southindian 
#indianmovie 
#friends 
#subtitles",New Generation,"['anon trendz', 'new english dubbed full movie', 'latest english full movie', 'english drama', 'english action full movie', 'action thriller', 'arjun action movie', 'Harbhajan Singh', 'friendship english movie', 'indian dubbed action movies', 'tamil dubbed english movie', 'english learning movies', 'arjun mass scene', 'with english subtitle', 'subtitle', 'full movie with subtitle', 'with english sub', 'with english subtitles for learning english']",PT2H7M10S,216,2024-07-05T13:30:10Z,en - 
Always A Winner | Full Movie | A Dave Christiano Film | Do unto others...,https://youtube.com/watch?v=gUOIa70i6XU,2115734,"ALWAYS A WINNER - Released in 2023 
A girl transfers to a new Christian high school for her senior year determined to repeat as state golf champion. As she begins that quest, she is greatly affected by her new golf Coach and teammates.  

This movie has several different messages regarding living the Christian life with the most prominent being two practical examples of what Jesus taught when He said to ""do unto others as you would have them do unto you"".  

Writer-Producer-Director: Dave Christiano
Cast: Jenn Cooke, Amelia Still, Evangeline Griffin, Ashley Brant, Maddy Lee Ann

""Always A Winner"" is the 3rd and final movie in the series that began with 
""Remember The Goal - https://youtu.be/zH0EGqlb7eg
and followed with 
""The Perfect Race"" - https://youtu.be/nv97RBG9LJc

DVD, Blu-ray & Digital for all three of these movies are available at ChristianFilms.com. 

Check out the entire Play list of movies by Dave and Rich Christiano
https://www.youtube.com/playlist?list=PLCooE0PxnbwbcPecHL5sy-NUL8zRkCUgC

#fullmovie #movie #faith #drama #bible #christian #golf #girlssports #teen",Christian Movies,"['Chrisitan Movies', 'Full Movies', 'Full Film', 'Religious Movies', 'Feature Film', 'Always A Winner | Full Movie', 'Always A Winner Full Movie', 'Jenn Cooke', 'Amelia Still', 'Evangeline Griffin', 'Ashley Brant', 'Maddy Lee Ann', 'Golf', 'Pro life']",PT1H25M8S,N/A,2024-01-05T16:00:22Z,en - ; en - 
"Christian Movie Based on True Stories | ""Growth"" | A Touching Testimony of Faith",https://youtube.com/watch?v=JkVPuzRyOTo,4180626,"Do you want to welcome the Lordâ€™s return? Do you hope to attend the feast with the Lord? You are welcome to contact us via WhatsApp, and we will help you receive the Lord soon.
WhatsApp: https://shurl.me/ENSPWhatsApp

Christian Movie Based on True Stories | ""Growth"" | A Touching Testimony of Faith

Liang Xinjing is a Christian who lives a happy life with her husband and daughter. But because of the Chinese Communist Party's deranged push to persecute and arrest believers, her husband starts trying to stand in the way of her faith, afraid that she'll be imprisoned, and then his chances at being promoted will be impacted. Liang Xinjing remains strong in her resolve to follow God, even when her husband uses violence against her and ultimately insists on a divorce. Not long after their divorce, the Communist Party launches another wide-scale operation to arrest Christians, forcing Liang Xinjing to flee the region. The police and their ""red armband"" operatives continually interrogate and threaten her daughter, demanding to know her whereabouts. Living in a constant state of terror and anxiety, her daughter develops lymphoma. When Liang Xinjing learns of this, she sinks into a state of abject despair. How does she pray and rely on God to get through this hardship, this trial? What does she learn from it? Watch Growth and find out.

Please note: All videos on this channel are available to view free of charge. Uploading, modifying, distorting, or excerpting any videos from The Church of Almighty God's YouTube channel by any individual or group without prior authorization is expressly prohibited. The Church of Almighty God reserves the right to pursue any and all legal remedies in the case of any violation of these terms. Please contact us in advance with requests for public dissemination.",The Church of Almighty God,"['a true christian story', 'christian testimony Movie', '2021 Christian Movie', 'Full Christian Movie 2021', 'Growth Movie', 'hristian testimony Movie', 'Testimony of Growing', 'Through Hardship \u200band Trials', 'hest christian movies', 'Christian Movies', 'Christian Movies 2021', '2hristian movies', 'Christian Movie Based on True Story', 'Based on True Story Christian Movies 2021', 'full movie 2021', 'christian true story', 'christian testimony video', 'my christian testimony']",PT1H42M3S,2593,2021-09-17T13:00:12Z,en - ; en - 
"Accidentally in Love | Full Romantic Comedy Movie | Lexi Giovagnoli, David Witts",https://youtube.com/watch?v=Wx0wO9WD9Zg,968754,"Edie finds true love in London just days before she is to return to the US. They are separated, but as fate would have it, they reunite 6 years later in the US.

Director: Hamish Briggs
Writers: Hamish Briggs, Elizabeth Snoderly
Stars: Lexi Giovagnoli, David Witts, Harry Van Gorkum

#movie #fullmovie #romance #comedy #romanticcomedy",Nicely Entertainment,"['movie', 'movies', 'free movies', 'full movie', 'full movies', 'full movies free', 'full free movies', 'best free movies', 'new free movies', 'best new movies', 'free movies on youtube', 'romance movie', 'free romance movies', 'comedy movie', 'free comedy movies', 'accidentally in love 2021', 'accidentally in love 2021 movie', 'accidentally in love 2021 full movie', 'accidentally in love 2021 full movie free', 'Lexi Giovagnoli', 'David Witts', 'Harry Van Gorkum', 'hallmark', 'hallmark movies', 'hall mark']",PT1H28M58S,190,2024-01-12T12:00:23Z,en - ; en - 
Bridge to Terabithia / ĞœĞ¾ÑÑ‚ Ğ² Ğ¢ĞµÑ€Ğ°Ğ±Ğ¸Ñ‚Ğ¸Ñ 1080p full movie HD (Russian sub / Ğ ÑƒÑÑĞºĞ¸Ğµ ÑÑƒĞ±Ñ‚Ğ¸Ñ‚Ñ€Ñ‹),https://youtube.com/watch?v=uvLMS_i-XUw,8273316,"Ğ’ÑÑ‘ Ğ³Ğ¾Ñ‚Ğ¾Ğ²Ğ¾. Ğ¡ÑƒĞ±Ñ‚Ğ¸Ñ‚Ñ€Ñ‹ Ğ±Ñ‹Ğ»Ğ¸ Ğ¿ĞµÑ€ĞµĞ²ĞµĞ´ĞµĞ½Ñ‹ Ñ‚ÑƒÑ‚ http://notabenoid.com/book/40685.
Ğ¡Ğ¿Ğ°ÑĞ¸Ğ±Ğ¾ Ğ¿Ğ¾Ğ»ÑŒĞ·Ğ¾Ğ²Ğ°Ñ‚ĞµĞ»Ñ  VaJoLiRoJa Ğ·Ğ° Ğ½Ğ°Ñ‡Ğ°Ğ»Ğ¾ Ğ¿ĞµÑ€ĞµĞ²Ğ¾Ğ´Ğ°.",Alex Rus,"['Russia', 'Bridge To Terabithia (Film)', 'High-definition Video (Film Format)', 'Full', 'Film (Film)', 'Sub']",PT1H35M32S,N/A,2013-08-29T20:08:16Z,ru - ; en - 
CHESTNUT: THE HERO OF CENTRAL PARK - Official Movie,https://youtube.com/watch?v=k7tijaEzqTI,7028757,"Young orphan sisters Sal and Rae think theyâ€™ve hit the jackpot when they find an adorable new Great Dane puppy on the same day they learn theyâ€™ve been adoptedâ€¦ Until they discover their new posh Manhattan apartment wonâ€™t allow dogs. Â The girls do their best to hide him from their new family but Great Danes donâ€™t stay puppies forever!

â¡ï¸ï¸â¡ï¸ï¸â¡ï¸ï¸ SUBSCRIBE TO AIRBUD TV: https://www.youtube.com/channel/UCHAL_UurzMKDyrpddriiuXA?sub_confirmation=1

Like US on FACEBOOK: https://www.facebook.com/AirBudOfficial/
Follow US on TWITTER: https://twitter.com/AirBud
Follow US on INSTAGRAM: https://www.instagram.com/airbudofficial/",Air Bud TV,"['air bud', 'air bud tv', 'airbud', 'tv shows for kids', 'airbud movie', 'airbud full movie', 'airbud 1997', 'air bud golden receiver', 'air buddies', 'air bud trailer', 'cartoons for kids', 'kids shows', 'animal songs for kids', 'sing along', 'sing along with animals', 'learn kids songs']",PT1H26M19S,518,2024-03-07T22:34:34Z,en - ; en - 
"""100% Quality"" Top 20 Movies in 2024 | NOW on Netflix, Prime, Hotstar",https://youtube.com/watch?v=xUf-DyqBwaI,147822,"Join YT Members on ğŸ‘‰https://www.youtube.com/channel/UCPWqbr91cfbtLHZrHM5GItg/join
Our Instagram ID: https://www.instagram.com/abhi_review/
Our Twitter ID: https://twitter.com/AbhiKaReview?s=09
Our Facebook Page: https://www.facebook.com/AbhiKaReviewOfficial/

Timestamp -
0:00 - intro
0:11 - Number 20
0:31 - Number 19
0:50 - Number 18
1:06 - Number 17
1:24 - Number 16
1:46 - Number 15
2:06 - Number 14
2:26 - Number13
2:52 - Number 12
3:08 - Number 11
3:34 - Number 10
3:52 - Number 9
4:15 - Number 8
4:35 - Number 7
4:56 - Number 6
5:52 - Number 5
6:09 -Number 4
6:36 - Number 3
6:59 - Number 2
7:20 - Number 1

#bestof2024 #top10 #abhikareview",ABHI KA REVIEW,"['abhi ka review', 'Movies Reviews', 'underrated indian movies', 'Top 10 Indian Movies', 'Best Indian Movies in Hindi', 'Abhi ka Review', 'Top 10 Bollywood Movies', 'Best South Indian Movies', 'Top 10 South Movies in Hindi', 'Top 10 Movies on Youtube', 'Hindi Movies on Netflix', 'Top 10 Hindi Movies on Youtube', 'Best Indian Movies on Amazon prime', 'Best Indian Movies on Zee5', 'South Movies in Hindi', 'Hindi Dubbed', 'Top 20 movies', '2024 indian Movies', 'Best of 2024', 'Best Hollywood Movies 2024']",PT8M4S,486,2024-12-21T13:30:37Z,en-IN - ; hi - 
Learn English with Movies | Tom Hanks - â€œForrest Gumpâ€,https://youtube.com/watch?v=sWeZ1VbsuCY,1025730,"In this Learn English with Movies lesson you are going to have a lot of fund learning with one of the best movies and best actors of all time, Tom Hanks in Forrest Gump! Get ready to greatly improve your English pronunciation, vocabulary, and more.  

Want To Understand Natives At ANY Speed? Try Our FREE 3-Part Masterclass: https://reallifeglobal.com/lewtv-forrest-gump-lp/

Subscribe to our channel to get new lessons every week: https://goo.gl/HUZkdH 

Watch more lessons and Learn RealLife English with TV Lessons: https://goo.gl/kGeihU

Get 10 Free PDF Power Lessons for our videos: https://reallifeglobal.com/lewtv-compilation/

Check out our website and blog: https://reallifeglobal.com/

Like us on Facebook: https://www.facebook.com/getreallifeenglish

ğŸ‘‡ğŸ‘‡ğŸ‘‡

Help us translate our videos, so more learners from your country can enjoy them, too! http://www.youtube.com/timedtext_cs_panel?tab=2&c=UCKgpamMlm872zkGDcBJHYDg

#LearnEnglishWithMovies #ForrestGump #TomHanks",Learn English With TV Series,"['learn english with movies', 'learn english with movies forrest gump', 'learn english with movies scenes', 'learn english with movies subtitles', 'learn english with forrest gump', 'learn english with tom hanks', 'learn english through movies', 'learn english vocabulary', 'american english', 'how to understand english movies', 'intermediate english listening', 'intermediate english vocabulary', 'southern american english', 'forrest gump', 'improve american pronunciation', 'southern american accent', 'tom hanks']",PT29M41S,441,2020-01-28T15:00:12Z,en - ; en - 
Hyena Road | Full War Movie | WATCH FOR FREE,https://youtube.com/watch?v=AWuxeDm1SGA,30254402,"SUBSCRIBE TO WATCH MORE FREE MOVIES: https://bit.ly/SubscribeSGF

Three different men, three different worlds, three different wars - all stand at the intersection of modern warfare - a murky world of fluid morality where all is not as it seems.

DIRECTOR: Paul Gross
STARRING: Rossif Sutherland, Allan Hawco, David Richmond-Peck
------

ABOUT SAMUEL GOLDWYN FILMS:
Samuel Goldwyn Films is a major, independently owned and operated motion-picture company that develops, produces and distributes innovative feature films. The company distributed the 2021 Academy AwardÂ®-winning film ANOTHER ROUND, the 2021 Academy AwardÂ®-nominated film THE MAN WHO SOLD HIS SKIN and 2022 Academy AwardÂ®-nominated film LUNANA: A YAK IN THE CLASSROOM. Upcoming films include IN THE LAND OF SAINTS AND SINNERS starring Liam Neeson and Kerry Condon, THE THREE MUSKETEERS - PART I: D'ARTAGNAN, and COBWEB from Jee-woon Kim.

Visit our website: http://www.samuelgoldwynfilms.com/",Samuel Goldwyn Films,"['hyena road', 'hyena', 'road', 'war', 'movie', 'movies', 'trailer', 'trailers', 'film', 'films', 'war movies', 'free movies', 'free war movies', 'free movies to watch']",PT2H14S,5003,2024-02-02T17:00:08Z,en - ; en - 
"The Princess of Dragons â˜€ï¸ Full Movie in English | Animation, Fantasy, Adventure, Romance",https://youtube.com/watch?v=GG82pFQW2FE,2820525,â˜€ï¸ The Best Family & Animated Films are HERE â¤ https://www.youtube.com/playlist?list=PLptS6Ol4f_0yQNZ-3HPJnUfnmBArC_XIQ,Animated Viral Movies,[],PT1H32M59S,544,2024-05-18T15:04:05Z,el - ; si - ; nl - ; ro - ; pl - ; ml - ; ar - ; th - ; fil - ; bn - ; ja - ; hu - ; vi - ; ms - ; id - ; pt - ; no - ; en - ; jv - ; ko - ; fr - ; es - ; da - ; tr - ; ru - ; bg - ; su - ; hr - ; sv - ; de - ; it - ; hi - 
Learn English with Ratatouille | Describing an Extraordinary Dish,https://youtube.com/watch?v=xZIh2so3-AU,5467114,"If you travel to an English speaking country, it can be useful to be able to describe food! So today you will learn English with Ratatouille from Disney. This movie is perfect for learning all about cooking! 

Understand Fast-Speaking Natives! âœ…
ğ—šğ—²ğ˜ ğ—¼ğ˜‚ğ—¿ ğ—™ğ—¥ğ—˜ğ—˜ ğ— ğ—”ğ—¦ğ—§ğ—˜ğ—¥ğ—–ğ—Ÿğ—”ğ—¦ğ—¦ ğŸ‘‡ ğ—›ğ—²ğ—¿ğ—²
https://reallifeglobal.com/lewtv-ratatouille-lp


Subscribe to our channel to get new lessons every week: https://goo.gl/HUZkdH 

Watch more lessons and Learn RealLife English with TV Lessons: https://goo.gl/kGeihU

Get 10 Free PDF Power Lessons for our videos: https://reallifeglobal.com/lewtv-compilation/

Check out our website and blog: https://reallifeglobal.com/

Like us on Facebook: https://www.facebook.com/getreallifeenglish

#Ratatouille #LearnEnglishWithDisney #LearnEnglishWithMovies",Learn English With TV Series,"['learn english with ratatouille', 'learn english with disney', 'learn english with disney movies', 'learn english with movies', 'learn english cooking vocabulary', 'learn english vocabulary', 'best way to learn english', 'fun way to learn english', 'english class for kids', 'english vocabulary cooking', 'english vocabulary food', 'french accent in english', 'how to describe food in english', 'wine vocabulary english', 'describing taste of food', 'how to understand without subtitles']",PT27M14S,984,2021-02-06T15:00:10Z,en - ; en - 
A Box Of Faith FULL OFFICIAL MOVIE,https://youtube.com/watch?v=Y8rj4BTNU0Y,8467694,"Faith House Pictures and Inspiriter Films present A Box of Faith full official movie. 
Alone and on her own, sixteen-year-old Dior figures out how to survive on the streets by the stroke of a spiritual pen. All ages family Christian movie starring Savanah McMahon (Sweet Sunshine) From the creator Craig McMahon of the hit movies ""Before All Others"", ""Kindness Matters"", ""A Time for Heaven and Life to Aftelifeâ€ comes this family movie of  inspiration.
Subscribe https://bit.ly/SubscribeAfterLife
Rent Craig's latest movie Sweet Sunshine https://www.youtube.com/watch?v=ir3v6MbPrUI",Life to AfterLife Spirituality Series,"['a box of faith', 'family movies', 'full movie', 'a box of faith movie', 'before all others full movie', 'savanah mcmahon', 'savanah mcmahon sweet sunshine', 'show me savanah mcmahon', 'savanah mcmahon singer', 'savanah mcmahon family', 'faith house pictures movies', 'a box of faith full movie', 'christian movies 2020 full movies', 'christian films', 'Christian films full movie', 'a box of faith trailer', 'A box of faith full movie on youtube', 'christian movies', 'before all others', 'craig mcmahon']",PT1H30M3S,5832,2020-10-12T20:50:32Z,en - ; en - 
"2024 Action Movie: Terrorists capture a special forces team, unaware they missed one elite soldier.",https://youtube.com/watch?v=-cQP0oCrJSA,2043006,"ç¨å®¶æˆæ¬Šï¼Œä¾µæƒå¿…ç©¶!
Exclusive Authorization; Infringement Will Be Pursued!
Subscribe for more Chinese television dramas è®¢é˜…é¢‘é“:

WSTZBZLRCQZZ

                                                                                             #é¾™è…¾å½±é™¢#Titleï¼šæˆ‘æ˜¯ç‰¹ç¨®å…µä¹‹åˆ©åˆƒå‡ºéŠ·#2024 Action Movie#mercenary#Hollywood#âš”ï¸#MMA Fighter Kung Fu#Special Forces#terrorist#Criminal gangs#Sniper#Shaolin Kung Fu#prison#Arena Competition#Kung Fu#shaolin kong fu#Martial Arts Movies#Anti-Japanese War #Kung Fu Master#Chinese-Kungfu#karate# HD movies#Chinese Kongfu#kickboxing#MMA#New Chinese Action Film 2024#fighting game#kung fu master#hollywoodmovies#Gun King#Action Movie 2024#Powerful Action Movie 2024",é¾™è…¾å½±é™¢,"['é¾™è…¾å½±é™¢', 'kickboxing', 'Chinese drama4', 'action', 'action movies', 'kung fu movie', 'Second Sino-Japanese War', 'æ­¦ä¾ æ‰“æ–—ç‰‡', 'åŠŸå¤«ç‰‡', 'new action movies', 'fight scene', 'best fight scene', 'war fight scene', 'battle scenes', 'kungfu movie', 'action movie', 'ç©ºæ‰‹é“', 'ç›£ç„', 'æ“‚å°', 'æ¯”æ­¦', 'åŠŸå¤«å¤§å¸«', 'MMA Fighter Kung Fu', 'Kung Fu', 'ç”µå½±', 'æ­¦æ‰“ç”µè§†å‰§', 'Chinese Kongfu', 'å›šçŠ¯', 'ç¥æª', '2024 Action Movie', 'Special Forces', 'Sniper', 'terrorist', 'Hollywood', 'ç”„å­ä¸¹', 'æˆé¾', 'æé€£æ°', 'æ´ªé‡‘å¯¶', 'è¶™æ–‡å“', 'æå°é¾', 'å‘¨æ½¤ç™¼']",PT1H17M51S,52,2024-09-11T10:30:00Z,de - ; zh-Hant - ; fr - ; pt - ; id - ; ms - ; th - ; ar - ; km - ; ko - ; ja - 
THE SAINT,https://youtube.com/watch?v=wSgZVpHMtLM,1262400,".
Credit:

Production companies: Motion Picture Corporation of America, Silver Screen Pictures
Written by: Jesse Alexander, Tony Giglio
Producers: Kyle A. Clark, Amy Krell, Lina Wong
Directed by: Ernie Barbarash
.
Copyright Disclaimer:

copyright disclaimer under section 107 of the copyright act 1976, allowance
is made for fair use for purposes such as criticism, comment, news reporting, scholarship,
and research. Fair use is a use permitted by copyright statutes that might
otherwise be infringing. Non-profit, educational or personal use tips the balance in favor of fair use.
.
#actionmovies #hindimovie #actionmovie
#movie #movies #moviescenes #movieclips #moviereview #movieexplainedinhindi #movieexplained #movieexplained #moviereviews #movierecap #movieshorts #moviestar #moviesongs #moviesong #moviesongs #moviesexplainhindi #moviesexplaininhindi #hollywood #hollywoodmovies #hollywoodmovie #hollywoodnews #hollywoodstatus #hollywoodmovieexplainedinhindi #hollywoodstudios #hollywoodringtone #hollywoodsongs #hollywoodunlocked #trailer #trailers #movietrailers2021 #movietrailer2022 #movietrailerscinema #movietraile #movietrailer2023 #movietrailers2023officialtrailers #movietrailerreview #moviereview #moviereviews #moviereviewstelugu #moviereviewtelugu #moviereviewchannel #moviereviewtamil #moviereviewman #moviereviewseries #moviereviewintelugu #moviereviewr #moviereviwe 
.",Hundaaf Tech ğŸ’»,[],PT1H24M53S,204,2024-07-19T17:32:39Z,en-US - 
Samantha: An American Girl Holiday (2004) Full Movie 1080p,https://youtube.com/watch?v=BvnwYas5Uv0,2162486,,Herka â€œHerkaâ€ Herka,[],PT1H26M12S,3480,2021-11-05T16:08:51Z,en-US - ; en - 
Death Of A Unicorn | Official Trailer HD | A24,https://youtube.com/watch?v=9cMIarrxLGs,7639080,"SUBSCRIBE: http://bit.ly/A24subscribe

From writer/director Alex Scharfman and starring Paul Rudd, Jenna Ortega, Will Poulter, TÃ©a Leoni, and Richard E. Grant. DEATH OF A UNICORN â€“ Spring 2025.

RELEASE DATE: Spring 2025
DIRECTOR: Alex Scharfman
CAST: Paul Rudd, Jenna Ortega, Will Poulter, TÃ©a Leoni, Richard E. Grant

Follow DEATH OF A UNICORN on INSTAGRAM: https://bit.ly/DeathOfAUnicorn_IG
Follow DEATH OF A UNICORN on X: https://bit.ly/DeathOfAUnicorn_X
Like DEATH OF A UNICORN on FACEBOOK: https://bit.ly/DeathOfAUnicorn_FB

------

ABOUT A24:
The studio behind MOONLIGHT, LADY BIRD, EX MACHINA, THE WITCH, EIGHTH GRADE, HEREDITARY & more.

Coming Soon: The Brutalist, Babygirl, Warfare, The Legend of Ochi

Subscribe to A24's NEWSLETTER:  http://bit.ly/A24signup
Visit A24 WEBSITE: http://bit.ly/A24filmsdotcom
Like A24 on FACEBOOK: http://bit.ly/FBA24
Follow A24 on TWITTER: http://bit.ly/TweetA24
Follow A24 on INSTAGRAM: http://bit.ly/InstaA24",A24,"['a24', 'a24 films', 'a24 trailers', 'independent films', 'trailer', 'HD', 'official', 'movie', 'film', 'a24 movies', 'oscar winner', 'academy award winner']",PT2M18S,5726,2024-12-18T13:59:00Z,en - ; en - 
[2024 Full Movie] The Gang Trains Beautiful Female Agents and Conducts Cruel Selection #action,https://youtube.com/watch?v=H8f8YaIMa30,3074444,"Subscribe for more Videos:https://www.youtube.com/channel/UCP357_TvKgPKxMMtSn17xYQ
#movie #hollywoodmovies #action #specialforcesgroup2highlights 
HH HY",ç‹™å‡»å½±é™¢,"['action', 'crime', 'hollywood', 'movie', 'new action movie 2024', 'hollywood movies in full action hd', 'hollywood movie 2024', 'chinese movie in english dubbed', 'new chinese english dubbed movies 2024', 'chinese movie english main', 'movies 2024 full movies', 'chinese movie dubbed in english', 'chinese action movie', 'jackie chan', 'hollywood english movie', 'chinese action movies', 'lee evans', 'the medallion', 'the medallion full movie in english', 'jackie chan english movie', 'the magic man']",PT1H14M5S,123,2024-11-10T12:10:47Z,ko - ; id - ; pt - ; th - ; ja - ; es - ; en - ; ar - ; en - ; de - ; vi - ; fr - ; ms - 
Escape 2120 | Full Movie | Edward Pritchard | Samantha Ipema | Paul Kandarian,https://youtube.com/watch?v=UZdJDYSu6nk,16571686,"A detached orphan teen escapes to the future in suspended animation, but when he arrives at a natural utopia, he must evade a lynch mob convinced that he's the prophesied Devil's Child.

Written and Directed by Brian Bennett 
Starring Edward Pritchard, Samantha Ipema, Paul Kandarian, Rosemary Pacheco, David Afflick

Cast
Edward Pritchard as Dave
Samantha Ipema as Nalia
Rosie Pacheco as Sally
Paul Kandarian as Doc
David Afflick as Samuel
Ulisses Gonsalves as Jax",EncourageTV,"['bridgestone multimedia BMG', 'trailers', 'movies', 'Films', 'christian Movies', 'God', 'Jesus', 'Escape 2120 movie', 'Escape 2120 feature film', 'Escape 2120 full movie', 'Escape 2120', 'Edward Pritchard', 'Samantha Ipema', 'Paul Kandarian', 'Rosemary Pacheco', 'David Afflick', 'encouragetv movies', 'encouragetv films', 'family movies', 'encouragetv', 'faith thriller', 'thriller movies', '2020 movies', 'adventure thriller', 'post-apocalyptic movies', 'post-apocalyptic']",PT1H47M41S,239,2020-10-01T05:00:04Z,en - Default; en - ; hi - Default
"A Bullet For The General (Western, Full Movie, English, Classic Film) watchfree, cowboyfilm",https://youtube.com/watch?v=LsbzC6fMjZo,19889151,"Full Western Movie, Full Length Cowboy Film, English ""A Bullet For The General"": https://www.youtube.com/watch?v=LsbzC6fMjZo - QuiÃ©n sabe? (original title), Runtime 1h 58 min., Action, Western.

A band of Mexican gun-runners employed by a revolutionary general accept an American into their gang, unaware of his intentions.

Director: Damiano Damiani
Writers: Salvatore Laurani (story and screenplay), Franco Solinas (adaptation)
Stars: Gian Maria VolontÃ¨, Klaus Kinski, Martine Beswick

A Bullet for the General (Spanish: QuiÃ©n sabe?), also known by its international title El Chucho QuiÃ©n Sabe?, is a 1967 Italian Zapata Western film directed by Damiano Damiani, written by Salvatore Laurani and Franco Solinas, and starring Gian Maria VolontÃ¨, Lou Castel, Klaus Kinski and Martine Beswick. The film tells the story of El Chuncho, a bandit, and Bill Tate (or El NiÅˆo), who is a counter-revolutionary in Mexico. Chuncho soon learns that social revolution is more important than mere money. This is one of the more famous Zapata Westerns, a subgenre of the spaghetti western which deals with the radicalizing of bad men and bandits into revolutionaries when they are confronted with injustice. Others in this subgenre include CompaÃ±eros, The Mercenary and perhaps most famously Duck, You Sucker! Some parts of the soundtrack, composed by Luis EnrÃ­quez Bacalov, are featured in the videogame Red Dead Revolver. 

PLOT (Wikipedia): During the Mexican Revolution, a Durango-bound government munitions train is forced to stop due to the presence of a crucified army officer on the tracks. El Chuncho MuÃ±os, a gun runner loyal to the revolutionary leader General ElÃ­as, leads his gang in an assault on the train. Lieutenant Alvaro Ferreira attempts to save the officer, but upon being fatally wounded by Chuncho, he is forced to order the train to run the officer over and escape the bandits. Bill Tate, an American passenger on the train, kills the engineer and stops the train again, allowing Chuncho and his gang to kill the remaining soldiers and take their weapons. Posing as a former prisoner of the army, Tate joins the gang, and is quickly befriended by Chuncho, who nicknames him ""NiÃ±o"".

After several heists, the gang travels to the town of San Miguel, where Chuncho meets with his old friend Raimundo to overthrow the weakhearted town boss, Don Felipe. Rosaria, Felipe's spirited wife, attempts to defend him; when Chuncho's men assault her, Tate angrily berates them for their behaviour. Chuncho shoots Guapo, a gang member, for attempting to kill Tate. Don Felipe is made to drive Chuncho and his gang back to San Miguel, and he is eventually executed.

Chuncho prepares to stay in San Miguel, drilling the villagers in the hopes of becoming a General himself; Tate convinces much of the gang to leave San Miguel so they can sell their weapons to ElÃ­as. Eventually missing his bandit lifestyle, Chuncho leaves San Miguel under the care of El Santo, his priestly half-brother, on the pretext of recovering a gold-plated Hotchkiss M1914 machine gun from his former gang. After killing one of them, Picaro, Chuncho resumes leadership of the others, hoping to sell the weapons to ElÃ­as before returning to San Miguel.

ElÃ­as' emissary arrives, but is pursued by army troops. Tate and Chuncho use the machine gun to decimate the troops, but at the cost of the lives of nearly all of Chuncho's remaining gang. Unseen by the others, Tate also kills the emissary. Adelita, Chuncho's last surviving loyal gang member, abandons the pair after her lover, Pepito, is killed in the battle. During the ride to ElÃ­as' camp, Tate falls victim to a malaria attack. While getting quinine pills for Tate, Chuncho finds a golden bullet among his possessions.

Chuncho and Tate arrive at ElÃ­as' camp the next morning, where they encounter several starving revolutionaries. Chuncho sells the guns and is paid five thousand pesos, before learning from ElÃ­as that the people of San Miguel were massacred by the army. Realising his irresponsibility, Chuncho allows himself to be taken away to be executed by Santo, one of the sole survivors of the attack. Meanwhile, Tate, from a high vantage point, shoots ElÃ­as and kills Santo before Chuncho's sentence can be carried out. Tate escapes as ElÃ­as' doctors pronounce his death: shot in the head with a golden bullet...

#freemovies #moviesonline #watchfree

************
COPYRIGHT: All of the films published by us are legally licensed. We have acquired the rights (at least for specific territories) from the rightholders by contract. If you have questions please send an email to: info@amogo.de",Grjngo - Western Movies,"['western', 'western movies', 'western feature films', 'full length feature films', 'full length movies', 'cowboys', 'wild west', 'full length', 'western movie', 'movies', 'entire western movie', 'entire movies', 'full movie', 'watch films online', 'full movie youtube', 'full length feature film', 'classic western movies', 'western movies full length', 'cowboy movies', 'western movies full length free', 'classic western movies full length', 'westerns full movies to watch on youtube for free', 'cowboy movies full movies']",PT1H53M21S,1658,2018-08-30T11:29:10Z,en - ; es - ; pt - ; ar - ; en - 
ğŸŒ€ The Punishment | DRAMA | Full Movie with English Subtitles,https://youtube.com/watch?v=oUNsToD3jrA,54158278,"When 17 yr old Ariella commits a huge mistake, she embarks on a dark quest where she will discover a secret to her father's past that will lead them to confront one another.
ğŸ”¥ The best movies, according to our viewers, here  â¤ https://www.youtube.com/playlist?list=PLhsoKL67f7UD8j3mC1UhPz1xGmyrI-zPr
âœ”ï¸ Find more exclusive full films â¤ https://www.facebook.com/109427264577730

Genre : Full Movie in English,  Drama
Â© 2022  - All Rights Reserved
#FullMovie #FullMovieDRAMA",Boxoffice | DRAMA | Full Movies,"['full movie in english', 'full movie', 'english', 'full movies', 'new movies', '2021', 'drama']",PT1H43M20S,3695,2021-10-25T01:00:29Z,fr - ; pt - ; ar - ; es - ; ru - ; nl - ; su - ; en - ; id - ; iw - ; hi - ; no - ; it - ; bn - ; jv - ; zh - ; de - 
Superman | Official Teaser Trailer,https://youtube.com/watch?v=uhUht6vAsMY,38228838,"On July 11, It Begins. Superman - Only in Theaters 2025 #Superman #FilmedForIMAX @IMAX

Sign up to get Fan First updates on all things DC Studios at DCStudios.com",DC,[],PT2M20S,127053,2024-12-19T13:53:07Z,en - 
The Life of Jesus | English | Official Full HD Movie,https://youtube.com/watch?v=2mgUPt2KI08,78109158,"'The Life of Jesus' is a story told by his closest friends. Adapted from the book of John in the Bible. Discover now how Jesus changed the course of history in this movie about his life! â€‹â€‹Jesus Christ was born about 2,000 years ago. His life and death changed the world forever. He still makes an everlasting impact on the lives of many with his radical teachings and miracles. And His powerful message is still transforming over 2.3 billion people all across the globe. 

Need answers to your questions?  Simply enter your question and we will search the Bible to find how Jesus would answer you! Ask your question here! â–º https://jesus.net/?utm_medium=social&utm_source=youtube&utm_campaign=description

Have something on your mind and need to talk? Get in contact with us! â–º https://jesus.net/contact

Explore the impact of Jesus on YOUR life. Sign up today and receive daily encouragement! â–º https://miracle.jesus.net 

Watch the Full Movie in Your Own Language â–º jesus.net/the-life-of-jesus/ #languages 
â€‹â€‹
Or check out our other videos â–º https://goo.gl/hU61PS

Subscribe to our channel! â–º https://www.youtube.com/channel/UCH8oU2QSpVVe2L4hHN3Ft6g?sub_confirmation=1

Thank you for watching and connecting with us! PS: when commenting, please treat people just as you would like them to treat you! â™¥ 

CHAPTERS:
 0:00:00   Introduction to the Gospel of John
 0:00:51   John 1  John the Baptist & Jesus' first followers
 0:12:50   John 2  A Miraculous Wedding & Jesus Angry at the Temple
 0:20:00   John 3  Encounters of Nicodemus and John with Jesus
 0:25:17   John 4  Stories of Healing | Jesus and the Samaritan Woman | Jesus Heals an Official's Son
 0:34:14   John 5  Healing At The Pool
 0:42:46   John 6  Walking on water
 0:57:39   John 7  Is He the Messiah?
 1:05:11   John 8  Adultery: What Happens when You Get Caught
 1:16:20   John 9  Jesus Heals a Blind Man
 1:24:20   John 10  The Good Shepherd
 1:30:36   John 11  The Story of Lazarus
 1:40:51   John 12  Jesus Speaks about His Death
 1:51:13   John 13  Jesus Washes His Disciples
 2:00:10   John 14-16  Last Speech: Jesus Comforts His Friends
 2:14:34   John 17  Jesus' Prayer
 2:18:52   John 18  Jesus Arrested
 2:27:59   John 19  The Death of Jesus
 2:40:50   John 20  Jesus Rises from the Death
 2:47:37   John 21  Incredible Fishing Catch in the Sea of â€‹â€‹Galilee!

This is the OFFICIAL YouTube channel of The Life of Jesus. This movie was shown in a special presentation at the 2003 Toronto Film Festival, under the title 'The Gospel of John'. It is a production of the Canadian company Visual Bible International. The movie was directed by veteran British filmmaker Philip Saville. This three-hour drama accurately follows the Gospel According to John in the Bible. Famous actor Henry Ian Cusick plays Jesus and Christopher Plummer provides voice-over narration. Thumbs up if you liked the video

#Gospel #Jesus #hope #meaningoflife #christmas #goodfriday #easter #Movie #doubt #goodperson #Healing #Peace #Connection #Freedom #Identity #thebible #bible #visualbible #biblemovies #fullmovies #bibleproject #biblereadingaudio#god #jesus #JesusChrist #Christianity #Christianityhistory",Jesus.net,"['jesus', 'jesus christ', 'jesus movie', 'god', 'the bible', 'christianity history', 'christianity', 'who is jesus', 'bible', 'Gospel of john film', 'Is god real', 'bible movies', 'bible movies full movie', 'bible project', 'bible reading audio', 'christianity explained', 'jesus loves me', 'allah', 'messiah', 'bible study', 'Jesus photo', 'The good samaritan', 'jesus movies full movies', 'bible movies full movies english', 'bible stories', 'the bible full movie']",PT3H3M10S,60070,2016-07-11T08:46:51Z,nl - ; en - ; en - ; bg - 
TORNADO / THE LAST BLOOD  | Full Length Vietnam War Movie | English | HD,https://youtube.com/watch?v=yhHb3PwNf9k,10622613,"During the Vietnam war, an army sergeant rebels against his tyrant commanding officer, whilst they are cut off by the enemy in the jungle. Things get worse for all of them after that.
-------
Cast:
Giancarlo Prete - Sgt. Salvatore Maggio 
Antonio Marsina - captain Harlow
Luciano Pigozzi - Freeman",WARTIME,"['full length film', 'full length movie', 'full movie', 'full film', 'english', 'war movies youtubewar', 'war movies', 'war films', 'youtube war movies', 'youtube war movies full length english', 'war film', 'vietnam war', 'vietnam war movies', 'vietnam', 'vietnam youtube', 'vietnam war youtube', 'tornado 1983', 'the last blood 1983', 'the last blood', 'the last blood full movie', 'tornado movie', 'american rangers movie', 'last blood', 'war vietnam', '80s war movies', 'top 10 war movies', 'underrated war movies']",PT1H33M23S,280,2023-07-03T10:00:42Z,pt-BR - ; en - ; pt - 
TARGET | Wesley Snipes (Blade) | THRILLER | Full Movie in English,https://youtube.com/watch?v=DJ7kRfjT_IE,238192,"A woman, co-president of a weapons manufacturing company, is taken hostage by a sniper seeking revenge for his daughter's death, who was killed by a weapon made by the company.

ğŸŒ€ The best full movies here â¤ https://www.youtube.com/playlist?list=PLmMBpbEwT2lpcqk2mxK7U1CGeURBasWU5
ğŸ’› Snapchat  â¤ https://www.snapchat.com/p/1666878578246587

Genre : Full Movie, Cinema, Thriller, Crime, Suspenseful, Drama, Action, Vengeance
Â© 2024 - All Rights Reserved
#FullMovieENGLISH #FullMovie",Boxoffice | TV Movies in English,"['full movies in english', 'full movie english', 'full movie', 'cinema']",PT1H35M30S,14,2024-11-30T13:00:11Z,en - 
After The Storm (2019) | Full Movie | Madeline Leon | Bo Yokely | Carlisle J. Williams,https://youtube.com/watch?v=Zvh_z8oHL98,13540419,"â–º Like, Comment and Subscribe now to get the latest from BRAIN POWER STUDIO @BrainPowerStudio 

Lauren wants to rebuild her community, including her family home, in the aftermath of a devastatingly disastrous storm.

Director: Emma Jean Sutherland
Writers: Patrick McBrearty, Christine Rimmer 
Starring: Madeline Leon, Bo Yokely, Carlisle J. Williams

#movie movie #full #film #faith #romance #love #storm #heartfelt #fullmovie",Brain Power Studio,"['Movie', 'TV Show', 'Movie Trailer', 'Feature Film', 'Film', 'Canada', 'Madeline Leon', 'Bo Yokely', 'Christine Rimmer', 'English', 'After The Storm Movie', 'romancee', 'romcom', 'date night', 'love', 'feel-good', 'subscribe']",PT1H31M5S,2255,2020-11-16T21:04:33Z,en-US - ; en - 
A DATE || English Full Movie With Subtitles || #traveling || #bangalore || #respect,https://youtube.com/watch?v=Xm7z2oXvQDY,6550375,"A DATE - AN INDEPENDENT FEATURE FILM (English) 
SYNOPSIS:
""A DATE"" is a compelling narrative that unfolds the profound impact of an unexpected friendship between two strangers, Monisha and Karthik, who are initially separated by culture, tradition, and language. Their paths, seemingly destined to never cross, are brought together by fate itself, setting them on an unforgettable journey that alters the course of their lives in a single day.

Monisha, hailing from Delhi and haunted by the betrayal of her past love, struggles to break free from its grip. She crosses paths with Karthik, a spirited traveler from South India with an innate passion for exploration and a zest for life.

Though they initially clash and contemplate parting ways, an inexplicable force keeps them connected. Monisha is gradually drawn to Karthik's infectious love for travel, captivated by his open-mindedness towards people and their cultures. Through their shared experiences, Karthik exposes Monisha to a whole new world she had never known, rekindling her lost passions for photography and freedom.

However, when the shadows of her past resurface, Karthik becomes her shield, protecting her from the misery she longs to escape. The tale is not merely a love story but a profound exploration of love, betrayal, and the significance of an unexpected friendship that can mend even the deepest wounds.

Shot in 25+ locations in & around Bangalore city, Karnataka state.  Made by team of 5, this movie deals with deepest human emotions that could happen between two strangers. 


Credits:
Written, Edited, Directed & Produced by: VIMALRAJ N
FB: https://www.facebook.com/vimalraj01
Insta: https://www.instagram.com/vimalrajn04

Male Lead: Pavan Shetty
Insta: https://instagram.com/kumarpavan547?r=nametag
FB: https://www.facebook.com/pavan.k.shetty1

Female Lead: Ashika Somashekar 
FB: https://m.facebook.com/people/Ashika-Somashekar/100009129140240
Insta: https://www.instagram.com/ashika_somashekar/?hl=en

Film Crew:
Cinematography By: Vimalraj N
2nd Unit Assisted by: Manjunath Hegde
First Assistant Directors: Naveen S Gowda, Daivik sai Rakshi & Vikas Ratnawat
Post Production at: Weekend Shorts Studio, Bangalore

Songs & Tracks are available at:
1. https://app.soundstripe.com/private_playlists/154101
2. Music: http://www.bensound.com/royalty-free-music



#ADate #IndieFilm #EnglishMovie #FeatureFilm #EnglishFeatureFilm #IndependentFeatureFilm #IndependentFilm #ADate #Respect #NorthVsSouth #EnglishMovie #FullMovie #EnglishFilm #VimalrajN #Date

Follow us 
Facebook: https://www.facebook.com/ADateMovie",Vimalraj N,"['Indie film', 'feature film', 'english feature film', 'Independent feature film', 'romantic film', 'English movie', 'hearbreaking movie', 'latest english film', 'romantic movie', 'free movies', 'full movies', 'low budget filmmaking', 'free full movie', 'free films', 'english film', 'youtube movies', 'Desi film', 'full movie english', 'short film', 'full movie youtube', 'full movie', 'a date', 'free movie', 'full length movies', 'english movies', 'love story']",PT1H29M50S,9456,2020-01-31T14:28:13Z,en-IN - 
DIAMOND DOG CAPER - FULL MOVIE | Family Adventure Dog Movie,https://youtube.com/watch?v=S5QOnqgsvxc,2396117,"A diamond thief and his accomplices think they have found the perfect hide out and place to stash $5 million in stolen diamonds on a golden retriever. But a clever young boy falls in love with the dog & discovers their secret. He takes action and, a la HOME ALONE, a terrific battle ensues between man's best friend and America's most wanted.

Starring: French Stewart, Luke Benward, Brittany Curran, Denyse Tontz, Kelly Perine, Kevin Farley
Directed by Mark Stouffer
#DiamondDogCaper #freemovies 

ğŸ¾Subscribe to FAMILY MOVIES AND TRAILERS For All The Latest Family Content! â–¶ http://bit.ly/SubFINFAM

This film is under a non-exclusive license from Vision Films
Copyright Â© 2021 Vision Films

NOTICE: All films uploaded to FilmIsNow are legally licensed, and we have YouTube rights for specific territories. For any copyright issues, please reach out to us first before filing a claim with YouTube. Send us an email at copyrightfilmisnow@gmail.com detailing your concerns and we'll make sure the matter is resolved immediately

Contact us for any partnership inquiries, content submissions or other requests at filmisnowpromo@gmail.com

FilmIsNowFamily Movie Trailers your first stop for the latest family movie trailers, clips, TV spots and other extras from all over the world and lots of fun videos for kids and their parents! The FilmIsNow team is dedicated to providing you with all the best new videos because just like you we are big movie fans.",Ms. Movies by FilmIsNow ,"['diamond dog caper', 'diamond dog caper movie', 'diamond dog caper full movie', 'dog movies', 'best dog movies', 'free dog movies', 'movies with dogs in them', 'movies with golden retrievers', 'movies with labrador retrievers', 'dogs', 'family movies', 'full movies', 'free movies', 'filmisnow family', 'filmisnow family movies']",PT1H41M41S,274,2023-05-27T15:23:31Z,en - ; en - 
A Different Kind of Teacher | THRILLER | Full Movie,https://youtube.com/watch?v=T8J0hK2J1YI,2898753,"An ex-mercenary goes undercover in an urban high school to avenge the death of his brother.
ğŸ”¥ Watch more FULL MOVIES âœ https://www.youtube.com/playlist?list=PLZnAnC2Obx739eG0-T37cUKJQazA_Km06
âœ”ï¸ More exclusive movies on Facebook â¤ https://facebook.com/108385778224859

Genre : Full Movie in English, Cinema, THRILLER
Â© All Rights Reserved
#FullMovieENGLISH #FullMovie",Boxoffice | Full Movies,"['full movie', 'full movie english', 'full movies']",PT1H27M9S,1003,2024-04-03T12:00:25Z,vi - ; hi - ; it - ; ar - ; es - ; id - ; en - ; pt - ; ru - ; fr - ; en - ; de - ; ja - 
ğŸŒ€ Ariella's Life | Teen Drama | Full Movie with English Subtitles,https://youtube.com/watch?v=-Ryt7TM0zBM,3215547,"When 17 yr old Ariella commits a huge mistake, she embarks on a dark quest where she will discover a secret to her father's past that will lead them to confront one another.
ğŸ”¥ The best movies, according to our viewers are here  â¤ https://www.youtube.com/playlist?list=PL7HCQoP0BiAhDwqgHebTOLnCwfzQHu9_B
âœ”ï¸ Find new exclusive full films here â¤ https://www.facebook.com/108385778224859


Genre :  free full movie in english, Teen, Drama
Â© 2021 - All Rights Reserved

ğŸŒ€ Boxoffice : your #1 destination for the best free full movies in english!
#TeenMovie #FullMovie",Boxoffice | TEENS | Full Movies,"['full movie', 'full movie english', 'full movies']",PT1H43M20S,124,2021-12-10T18:00:00Z,hi - ; en - ; id - ; nl - ; zh-Hans - ; iw - ; pt - ; it - ; no - ; fr - ; ar - ; de - ; bn - ; ru - ; es - 
The Eye of Justice | THRILLER | Full Movie,https://youtube.com/watch?v=4_SSTLT3iX0,2846310,"A woman, co-president of a weapons manufacturing company, is taken hostage by a sniper seeking revenge for his daughter's death, who was killed by a weapon made by the company.

ğŸ”¥ The best movies  â¤ https://www.youtube.com/playlist?list=PL7HCQoP0BiAhDwqgHebTOLnCwfzQHu9_B
âœ”ï¸ exclusive full films here â¤ https://www.facebook.com/108385778224859
ğŸ’› Snapchat â¤ https://www.snapchat.com/p/1666878578246587

Genre : Full Movie, Cinema, Thriller, Crime, Suspenseful, Drama, Action, Vengeance
Â© 2024 - All Rights Reserved
#FullMovie #FullMovieTHRILLER",Boxoffice | THRILLERS | Full Movies,"['full movie', 'full movie english', 'full movies', 'thriller']",PT1H35M30S,369,2024-09-26T12:00:12Z,ko - ; hi - ; de - ; pt - ; en - ; es - ; jv - ; id - ; fr - ; fil - ; ar - ; tr - ; nl - ; vi - ; es-419 - ; bn - ; su - ; hu - ; el - ; hr - ; ml - ; no - ; ms - ; da - ; sv - ; pl - ; it - ; si - ; ro - ; ja - ; bg - ; ru - ; th - 
"You can only survive on the principle of ""kill or be killed"" / Action Movie in English",https://youtube.com/watch?v=PfSsp0FKwvA,1008504,"You can only survive on the principle of ""kill or be killed"" / Action Movie in English

""Contract Killers""

The film tells the story of a government killer, a novice in the business, who was framed by those he trusted the most. From now on, he becomes the target of the most dangerous killer in the world. A ruthless survival game begins where the only choice is to kill first or be killed.

The film captivates from the first minutes thanks to its dynamic plot, where the main character is constantly on the verge of life and death. His former allies become enemies, and he himself finds himself in a vortex of conspiracies and betrayals. Each scene is filled with tension and danger, which keeps the viewer in constant anticipation of new twists.

For those looking for new action movies, ""Contract Killers"" will be a real discovery. The film is full of exciting action scenes that emphasize the brutal world of mercenaries and killers. The main character, trying to survive, is constantly forced to be one step ahead of his pursuers, using all possible means to save himself.

Contract Killers is not only a story of betrayal and revenge, but also a film that explores the inner struggle of the main character as he faces unseen enemies and the harsh realities of his new life. The criminal world appears here in all its complexity and cruelty, where trust is only an illusion.

For those who love the best action movies and are looking for full HD movies, Contract Killers is a great choice. This is a movie about survival in a dangerous world where every shot can be your last and every decision is a matter of life or death.

Action / Crime / Thriller

Director - Mathew John Pearson
Writer - Michael Yee
Stars - Richard Alexander, Dallas Barnett, Renee Cataldo

On our channel you will find a wide selection of films of various genres, from movie classics to modern hits. We cover every genre, from action and adventure films with their exciting plots and thrilling action scenes to heart-pounding and thought-provoking dramas. Our reviews and analyzes will help you better understand the plots and characters, as well as learn interesting facts about the making of films. We also advise our viewers of new and little-known tapes that are worth watching.

https://www.youtube.com/channel/UC2oTjFuKd-cIsTXtvoenCSw?sub_confirmation=1

Join our channel to learn more about your favorite movie art and discuss it with us!

#assassin #actionmovies #hitman",FILMOHOUSE,"['hitman movie', 'hitmans', 'action movie', 'full movie', 'adrenaline movie', 'killer movie', 'best thriller movies', 'full action movies', 'best action movies', 'english full movie', 'movie english', 'movie in english', 'top action movies', 'free action movies', 'movies action best', 'action films full movie english', 'action movies online', 'english action movies', 'full english action', 'full english movies', 'action movies full movie english', 'thriller movie in english', 'english action movie', 'free movies']",PT1H38M4S,138,2024-10-19T11:10:24Z,en - CC1; en - DTVCC1
"English Christian Movie ""I Am a Good Person!"" | What Is a Truly Good Person? (Full Movie)",https://youtube.com/watch?v=N9YTuB_zaDQ,1748719,"Do you want to welcome the Lordâ€™s return? Do you hope to attend the feast with the Lord? You are welcome to contact us via WhatsApp, and we will help you receive the Lord soon.
WhatsApp: https://shurl.me/ENSPWhatsApp

English Christian Movie ""I Am a Good Person!"" | What Is a Truly Good Person? (Full Movie)

Yang Huixin, a Christian, has loved being a good person since she was little. She doesn't like to offend others. She believes herself to be a good person because she is kind and agreeable with others. But only after she accepts God's gospel of the last days and undergoes the judgment and chastisement of God's words does she have an awakening, and realize that she's not a true good person. Rather, she lives based on satanic philosophies, and is a very selfish, cunning ""nice guy."" She resolves in her heart to seek the truth and become a good person who is honest and uprightâ€¦. What experiences did Yang Huixin go through that allowed her to undergo such a transformation?

Special statement: This video production was produced as a not-for-profit piece by The Church of Almighty God. The actors that appear in this production are performing on a not-for-profit basis, and have not been paid in any way. This video may not be distributed for profit to any third party, and we hope that everyone will share it and distribute it openly. When you distribute it, please note the source. Without the consent of The Church of Almighty God, no organization, social group, or individual may tamper with or misrepresent the contents of this video.",The Church of Almighty God,"['motivational movies', 'english motivational movie', 'christian movies', 'Christian Movie', 'christian full movies', 'English Christian Movies', 'christian movies 2018', '2018 English Christian Movie', 'full christian movies', 'best christian movies', 'Full Movie', 'free full movie', 'free movies on youtube', 'Motivational Movie', 'Truly Good Person', 'I Am a Good Person', 'family movie', 'lifetime movie', 'church movies', 'The Church of Almighty God', 'House Gospel Movie', 'based on a true story', 'true story']",PT1H22M43S,415,2018-10-30T23:30:20Z,en - ; en - 
